{
  "object_center": [
    32.5,
    32.5,
    40.10757780075073
  ],
  "object_size": 106.24355342305132,
  "cameras": [
    {
      "position": [
        223.73839616149237,
        32.5,
        61.356288485361
      ],
      "look_at": [
        -0.9938837346736188,
        0.0,
        -0.11043152607484655
      ],
      "fov": 50.0,
      "name": "前方相机"
    },
    {
      "position": [
        32.500000000000014,
        223.73839616149237,
        61.356288485361
      ],
      "look_at": [
        -7.385513391004458e-17,
        -0.9938837346736188,
        -0.11043152607484655
      ],
      "fov": 50.0,
      "name": "右方相机"
    },
    {
      "position": [
        -158.73839616149237,
        32.50000000000002,
        61.356288485361
      ],
      "look_at": [
        0.9938837346736188,
        -1.1078270086506686e-16,
        -0.11043152607484655
      ],
      "fov": 50.0,
      "name": "后方相机"
    },
    {
      "position": [
        32.499999999999964,
        -158.73839616149237,
        61.356288485361
      ],
      "look_at": [
        1.8463783477511143e-16,
        0.9938837346736188,
        -0.11043152607484655
      ],
      "fov": 50.0,
      "name": "左方相机"
    }
  ]
}